FID,residuo,recogida,volumen,cantidad,fecha,tooltip,geometry,lon,lat
da_industria.fid-7e811540_18cccdec071_61ba,INDUSTRIA,CARGA TRASERA,5000,1,2021-08-18T19:09:20.01,Contenedor de INDUSTRIA de tipo CARGA TRASERA,POINT (-4.524970940948391 36.71884511388481),-4.524970940948391,36.71884511388481
da_industria.fid-7e811540_18cccdec071_61bb,INDUSTRIA,CARGA TRASERA,5000,1,2021-08-18T19:09:20.01,Contenedor de INDUSTRIA de tipo CARGA TRASERA,POINT (-4.524970940948391 36.71884511388481),-4.524970940948391,36.71884511388481
da_industria.fid-7e811540_18cccdec071_61bc,INDUSTRIA,CARGA TRASERA,5000,1,2021-08-18T19:09:30.51,Contenedor de INDUSTRIA de tipo CARGA TRASERA,POINT (-4.503381115926426 36.71999314332896),-4.503381115926426,36.71999314332896
da_industria.fid-7e811540_18cccdec071_61bd,INDUSTRIA,CARGA TRASERA,5000,1,2021-08-18T19:09:30.51,Contenedor de INDUSTRIA de tipo CARGA TRASERA,POINT (-4.503381115926426 36.71999314332896),-4.503381115926426,36.71999314332896
da_industria.fid-7e811540_18cccdec071_61be,INDUSTRIA,CARGA TRASERA,5000,1,2021-08-18T19:09:33.14,Contenedor de INDUSTRIA de tipo CARGA TRASERA,POINT (-4.501614591233294 36.72215839483374),-4.501614591233294,36.72215839483374
da_industria.fid-7e811540_18cccdec071_61bf,INDUSTRIA,CARGA TRASERA,5000,1,2021-08-18T19:09:33.14,Contenedor de INDUSTRIA de tipo CARGA TRASERA,POINT (-4.501614591233294 36.72215839483374),-4.501614591233294,36.72215839483374
da_industria.fid-7e811540_18cccdec071_61c0,INDUSTRIA,CARGA TRASERA,5000,1,2021-08-18T19:09:35.733,Contenedor de INDUSTRIA de tipo CARGA TRASERA,POINT (-4.50264469759099 36.71841960078769),-4.50264469759099,36.71841960078769
da_industria.fid-7e811540_18cccdec071_61c1,INDUSTRIA,CARGA TRASERA,5000,1,2021-08-18T19:09:35.733,Contenedor de INDUSTRIA de tipo CARGA TRASERA,POINT (-4.50264469759099 36.71841960078769),-4.50264469759099,36.71841960078769
da_industria.fid-7e811540_18cccdec071_61c2,INDUSTRIA,CARGA TRASERA,5000,1,2021-08-18T19:09:38.59,Contenedor de INDUSTRIA de tipo CARGA TRASERA,POINT (-4.503678180156042 36.721169425878934),-4.503678180156042,36.721169425878934
da_industria.fid-7e811540_18cccdec071_61c3,INDUSTRIA,CARGA TRASERA,5000,1,2021-08-18T19:09:38.59,Contenedor de INDUSTRIA de tipo CARGA TRASERA,POINT (-4.503678180156042 36.721169425878934),-4.503678180156042,36.721169425878934
da_industria.fid-7e811540_18cccdec071_61c4,INDUSTRIA,CARGA TRASERA,5000,1,2021-08-18T19:09:41.26,Contenedor de INDUSTRIA de tipo CARGA TRASERA,POINT (-4.5008152882142545 36.720842119131746),-4.5008152882142545,36.720842119131746
da_industria.fid-7e811540_18cccdec071_61c5,INDUSTRIA,CARGA TRASERA,5000,1,2021-08-18T19:09:41.26,Contenedor de INDUSTRIA de tipo CARGA TRASERA,POINT (-4.5008152882142545 36.720842119131746),-4.5008152882142545,36.720842119131746
da_industria.fid-7e811540_18cccdec071_61c6,INDUSTRIA,CARGA TRASERA,5000,1,2021-08-19T04:19:32.213,Contenedor de INDUSTRIA de tipo CARGA TRASERA,POINT (-4.463866791755157 36.66858399354431),-4.463866791755157,36.66858399354431
da_industria.fid-7e811540_18cccdec071_61c7,INDUSTRIA,CARGA TRASERA,5000,1,2021-08-19T04:19:35.22,Contenedor de INDUSTRIA de tipo CARGA TRASERA,POINT (-4.462186405309701 36.667925946135654),-4.462186405309701,36.667925946135654
da_industria.fid-7e811540_18cccdec071_61c8,INDUSTRIA,CARGA TRASERA,5000,1,2022-04-01T07:48:07.57,Contenedor de INDUSTRIA de tipo CARGA TRASERA,POINT (-4.457906327991268 36.66660607514491),-4.457906327991268,36.66660607514491
da_industria.fid-7e811540_18cccdec071_61c9,INDUSTRIA,CARGA TRASERA,5000,1,2021-08-19T04:19:41.497,Contenedor de INDUSTRIA de tipo CARGA TRASERA,POINT (-4.460594537472379 36.66762099443934),-4.460594537472379,36.66762099443934
da_industria.fid-7e811540_18cccdec071_61ca,INDUSTRIA,CARGA TRASERA,5000,1,2021-08-19T04:19:44.5,Contenedor de INDUSTRIA de tipo CARGA TRASERA,POINT (-4.462451286665376 36.669706484351195),-4.462451286665376,36.669706484351195
da_industria.fid-7e811540_18cccdec071_61cb,INDUSTRIA,CARGA TRASERA,5000,1,2021-08-19T04:19:47.34,Contenedor de INDUSTRIA de tipo CARGA TRASERA,POINT (-4.458946332075174 36.66604453808737),-4.458946332075174,36.66604453808737
da_industria.fid-7e811540_18cccdec071_61cc,INDUSTRIA,CARGA TRASERA,5000,1,2021-08-19T04:19:50.633,Contenedor de INDUSTRIA de tipo CARGA TRASERA,POINT (-4.461728416062732 36.66692903330293),-4.461728416062732,36.66692903330293
da_industria.fid-7e811540_18cccdec071_61cd,INDUSTRIA,CARGA TRASERA,5000,1,2021-08-19T04:19:53.567,Contenedor de INDUSTRIA de tipo CARGA TRASERA,POINT (-4.464145718884885 36.6666563203933),-4.464145718884885,36.6666563203933
da_industria.fid-7e811540_18cccdec071_61ce,INDUSTRIA,CARGA TRASERA,5000,1,2021-08-19T04:19:56.537,Contenedor de INDUSTRIA de tipo CARGA TRASERA,POINT (-4.462354025404327 36.66632447241456),-4.462354025404327,36.66632447241456
da_industria.fid-7e811540_18cccdec071_61cf,INDUSTRIA,CARGA TRASERA,5000,1,2022-04-01T07:51:04.123,Contenedor de INDUSTRIA de tipo CARGA TRASERA,POINT (-4.461672075535187 36.6653573922054),-4.461672075535187,36.6653573922054
da_industria.fid-7e811540_18cccdec071_61d0,INDUSTRIA,CARGA TRASERA,5000,1,2021-08-19T04:20:03.063,Contenedor de INDUSTRIA de tipo CARGA TRASERA,POINT (-4.459188053652362 36.665132848318486),-4.459188053652362,36.665132848318486
da_industria.fid-7e811540_18cccdec071_61d1,INDUSTRIA,CARGA TRASERA,5000,1,2021-08-19T04:20:06.093,Contenedor de INDUSTRIA de tipo CARGA TRASERA,POINT (-4.464251656426547 36.66580891431728),-4.464251656426547,36.66580891431728
da_industria.fid-7e811540_18cccdec071_61d2,INDUSTRIA,CARGA TRASERA,5000,1,2021-08-19T04:20:09.447,Contenedor de INDUSTRIA de tipo CARGA TRASERA,POINT (-4.463506671506607 36.664522867032616),-4.463506671506607,36.664522867032616
da_industria.fid-7e811540_18cccdec071_61d3,INDUSTRIA,CARGA TRASERA,5000,1,2021-08-19T04:20:12.28,Contenedor de INDUSTRIA de tipo CARGA TRASERA,POINT (-4.473828944895047 36.65811882730745),-4.473828944895047,36.65811882730745
da_industria.fid-7e811540_18cccdec071_61d4,INDUSTRIA,CARGA TRASERA,5000,1,2021-08-19T04:20:15.12,Contenedor de INDUSTRIA de tipo CARGA TRASERA,POINT (-4.488566738191904 36.65215535017742),-4.488566738191904,36.65215535017742
da_industria.fid-7e811540_18cccdec071_61d5,INDUSTRIA,CARGA TRASERA,5000,1,2021-08-19T04:20:18.27,Contenedor de INDUSTRIA de tipo CARGA TRASERA,POINT (-4.488191245351231 36.653224010607225),-4.488191245351231,36.653224010607225
da_industria.fid-7e811540_18cccdec071_61d6,INDUSTRIA,CARGA TRASERA,5000,1,2021-08-19T04:20:21.45,Contenedor de INDUSTRIA de tipo CARGA TRASERA,POINT (-4.492095494766951 36.65481281845382),-4.492095494766951,36.65481281845382
da_industria.fid-7e811540_18cccdec071_61d7,INDUSTRIA,CARGA TRASERA,5000,1,2021-08-19T04:20:24.327,Contenedor de INDUSTRIA de tipo CARGA TRASERA,POINT (-4.490548846625731 36.65072164825222),-4.490548846625731,36.65072164825222
da_industria.fid-7e811540_18cccdec071_61d8,INDUSTRIA,CARGA TRASERA,5000,1,2021-08-19T04:20:27.387,Contenedor de INDUSTRIA de tipo CARGA TRASERA,POINT (-4.491074233742102 36.65239391758783),-4.491074233742102,36.65239391758783
da_industria.fid-7e811540_18cccdec071_61d9,INDUSTRIA,CARGA TRASERA,5000,1,2021-08-19T04:20:30.62,Contenedor de INDUSTRIA de tipo CARGA TRASERA,POINT (-4.4905941388154975 36.65369712341519),-4.4905941388154975,36.65369712341519
da_industria.fid-7e811540_18cccdec071_61da,INDUSTRIA,CARGA TRASERA,5000,1,2021-08-19T04:20:33.447,Contenedor de INDUSTRIA de tipo CARGA TRASERA,POINT (-4.493694382535286 36.65283179751559),-4.493694382535286,36.65283179751559
da_industria.fid-7e811540_18cccdec071_61db,INDUSTRIA,CARGA TRASERA,5000,1,2021-08-19T04:20:36.287,Contenedor de INDUSTRIA de tipo CARGA TRASERA,POINT (-4.495905822200183 36.651971310270746),-4.495905822200183,36.651971310270746
da_industria.fid-7e811540_18cccdec071_61dc,INDUSTRIA,CARGA TRASERA,5000,1,2021-08-19T04:20:39.453,Contenedor de INDUSTRIA de tipo CARGA TRASERA,POINT (-4.5005748841873485 36.65903228142759),-4.5005748841873485,36.65903228142759
da_industria.fid-7e811540_18cccdec071_61dd,INDUSTRIA,CARGA TRASERA,5000,1,2021-08-19T04:20:42.577,Contenedor de INDUSTRIA de tipo CARGA TRASERA,POINT (-4.498348001826094 36.658037416455436),-4.498348001826094,36.658037416455436
da_industria.fid-7e811540_18cccdec071_61de,INDUSTRIA,CARGA TRASERA,5000,1,2021-08-19T04:20:45.31,Contenedor de INDUSTRIA de tipo CARGA TRASERA,POINT (-4.502857065033116 36.658043299652086),-4.502857065033116,36.658043299652086
da_industria.fid-7e811540_18cccdec071_61df,INDUSTRIA,CARGA TRASERA,5000,1,2021-08-19T04:21:56.88,Contenedor de INDUSTRIA de tipo CARGA TRASERA,POINT (-4.499802296453859 36.64754719705058),-4.499802296453859,36.64754719705058
da_industria.fid-7e811540_18cccdec071_61e0,INDUSTRIA,CARGA TRASERA,5000,1,2021-08-19T04:21:59.9,Contenedor de INDUSTRIA de tipo CARGA TRASERA,POINT (-4.497348141828569 36.650369760431126),-4.497348141828569,36.650369760431126
da_industria.fid-7e811540_18cccdec071_61e1,INDUSTRIA,CARGA TRASERA,5000,1,2021-08-19T04:22:02.73,Contenedor de INDUSTRIA de tipo CARGA TRASERA,POINT (-4.4989212367157485 36.65062125188264),-4.4989212367157485,36.65062125188264
da_industria.fid-7e811540_18cccdec071_61e2,INDUSTRIA,CARGA TRASERA,5000,1,2021-08-19T04:22:05.597,Contenedor de INDUSTRIA de tipo CARGA TRASERA,POINT (-4.499623966070235 36.65071754388284),-4.499623966070235,36.65071754388284
da_industria.fid-7e811540_18cccdec071_61e3,INDUSTRIA,CARGA TRASERA,5000,1,2021-08-19T04:22:08.657,Contenedor de INDUSTRIA de tipo CARGA TRASERA,POINT (-4.502195481873486 36.64942798986968),-4.502195481873486,36.64942798986968
da_industria.fid-7e811540_18cccdec071_61e4,INDUSTRIA,CARGA TRASERA,5000,1,2021-08-19T04:22:11.593,Contenedor de INDUSTRIA de tipo CARGA TRASERA,POINT (-4.5029739817550665 36.6494573039476),-4.5029739817550665,36.6494573039476
da_industria.fid-7e811540_18cccdec071_61e5,INDUSTRIA,CARGA TRASERA,5000,1,2021-08-19T04:22:14.64,Contenedor de INDUSTRIA de tipo CARGA TRASERA,POINT (-4.50609738254821 36.65082051620105),-4.50609738254821,36.65082051620105
da_industria.fid-7e811540_18cccdec071_61e6,INDUSTRIA,CARGA TRASERA,5000,1,2021-08-19T04:22:17.53,Contenedor de INDUSTRIA de tipo CARGA TRASERA,POINT (-4.515350207978517 36.651896384438025),-4.515350207978517,36.651896384438025
da_industria.fid-7e811540_18cccdec071_61e7,INDUSTRIA,CARGA TRASERA,5000,1,2021-08-19T04:22:20.403,Contenedor de INDUSTRIA de tipo CARGA TRASERA,POINT (-4.511103110719317 36.662433638558994),-4.511103110719317,36.662433638558994
da_industria.fid-7e811540_18cccdec071_61e8,INDUSTRIA,CARGA TRASERA,5000,1,2021-08-19T04:22:23.43,Contenedor de INDUSTRIA de tipo CARGA TRASERA,POINT (-4.516517738602875 36.662087463802926),-4.516517738602875,36.662087463802926
da_industria.fid-7e811540_18cccdec071_61e9,INDUSTRIA,CARGA TRASERA,5000,1,2021-08-19T04:22:26.29,Contenedor de INDUSTRIA de tipo CARGA TRASERA,POINT (-4.51417758535648 36.66566036283937),-4.51417758535648,36.66566036283937
da_industria.fid-7e811540_18cccdec071_61ea,INDUSTRIA,CARGA TRASERA,5000,1,2022-01-13T10:26:37.63,Contenedor de INDUSTRIA de tipo CARGA TRASERA,POINT (-4.50192751810358 36.67265780607575),-4.50192751810358,36.67265780607575
da_industria.fid-7e811540_18cccdec071_61eb,INDUSTRIA,CARGA TRASERA,5000,1,2021-08-19T04:23:05.15,Contenedor de INDUSTRIA de tipo CARGA TRASERA,POINT (-4.490605483076501 36.74313932212702),-4.490605483076501,36.74313932212702
da_industria.fid-7e811540_18cccdec071_61ec,INDUSTRIA,CARGA TRASERA,5000,1,2021-08-19T04:23:08.067,Contenedor de INDUSTRIA de tipo CARGA TRASERA,POINT (-4.494507372537005 36.742233091882376),-4.494507372537005,36.742233091882376
da_industria.fid-7e811540_18cccdec071_61ed,INDUSTRIA,CARGA TRASERA,5000,1,2021-08-19T04:23:10.88,Contenedor de INDUSTRIA de tipo CARGA TRASERA,POINT (-4.4959815429361205 36.74019226925197),-4.4959815429361205,36.74019226925197
da_industria.fid-7e811540_18cccdec071_61ee,INDUSTRIA,CARGA TRASERA,5000,1,2021-08-19T04:23:19.583,Contenedor de INDUSTRIA de tipo CARGA TRASERA,POINT (-4.495735827540059 36.74384479329699),-4.495735827540059,36.74384479329699
da_industria.fid-7e811540_18cccdec071_61ef,INDUSTRIA,CARGA TRASERA,5000,1,2021-08-19T04:23:22.637,Contenedor de INDUSTRIA de tipo CARGA TRASERA,POINT (-4.493203815017208 36.740466870869845),-4.493203815017208,36.740466870869845
da_industria.fid-7e811540_18cccdec071_61f0,INDUSTRIA,CARGA TRASERA,5000,1,2021-08-19T04:23:28.493,Contenedor de INDUSTRIA de tipo CARGA TRASERA,POINT (-4.494223693349729 36.73859876479172),-4.494223693349729,36.73859876479172
da_industria.fid-7e811540_18cccdec071_61f1,INDUSTRIA,CARGA TRASERA,5000,1,2021-08-19T04:23:33.96,Contenedor de INDUSTRIA de tipo CARGA TRASERA,POINT (-4.4707890925647185 36.73105136793079),-4.4707890925647185,36.73105136793079
da_industria.fid-7e811540_18cccdec071_61f2,INDUSTRIA,CARGA TRASERA,5000,1,2021-08-19T04:23:42.88,Contenedor de INDUSTRIA de tipo CARGA TRASERA,POINT (-4.46757447827063 36.72856555937535),-4.46757447827063,36.72856555937535
da_industria.fid-7e811540_18cccdec071_61f3,INDUSTRIA,CARGA TRASERA,5000,1,2021-08-19T04:24:23.643,Contenedor de INDUSTRIA de tipo CARGA TRASERA,POINT (-4.492655631468632 36.73921001644373),-4.492655631468632,36.73921001644373
da_industria.fid-7e811540_18cccdec071_61f4,INDUSTRIA,CARGA TRASERA,5000,1,2021-08-19T04:24:26.433,Contenedor de INDUSTRIA de tipo CARGA TRASERA,POINT (-4.4920608549409105 36.73887847293932),-4.4920608549409105,36.73887847293932
da_industria.fid-7e811540_18cccdec071_61f5,INDUSTRIA,CARGA TRASERA,5000,1,2021-08-19T04:24:29.653,Contenedor de INDUSTRIA de tipo CARGA TRASERA,POINT (-4.490836124709598 36.74070869092063),-4.490836124709598,36.74070869092063
da_industria.fid-7e811540_18cccdec071_61f6,INDUSTRIA,CARGA TRASERA,5000,1,2021-08-19T04:24:32.693,Contenedor de INDUSTRIA de tipo CARGA TRASERA,POINT (-4.493163617510755 36.743768779351),-4.493163617510755,36.743768779351
da_industria.fid-7e811540_18cccdec071_61f7,INDUSTRIA,CARGA TRASERA,5000,1,2021-08-19T04:24:43.5,Contenedor de INDUSTRIA de tipo CARGA TRASERA,POINT (-4.492118886044181 36.7416098003206),-4.492118886044181,36.7416098003206
da_industria.fid-7e811540_18cccdec071_61f8,INDUSTRIA,CARGA TRASERA,5000,1,2021-08-19T04:24:46.327,Contenedor de INDUSTRIA de tipo CARGA TRASERA,POINT (-4.490336248036796 36.74206278502082),-4.490336248036796,36.74206278502082
da_industria.fid-7e811540_18cccdec071_61f9,INDUSTRIA,CARGA TRASERA,5000,1,2021-08-19T04:24:49.493,Contenedor de INDUSTRIA de tipo CARGA TRASERA,POINT (-4.4914339533803265 36.744311482966246),-4.4914339533803265,36.744311482966246
da_industria.fid-7e811540_18cccdec071_61fa,INDUSTRIA,CARGA TRASERA,5000,1,2021-08-19T04:24:52.353,Contenedor de INDUSTRIA de tipo CARGA TRASERA,POINT (-4.495142422173614 36.74633120714142),-4.495142422173614,36.74633120714142
da_industria.fid-7e811540_18cccdec071_61fb,INDUSTRIA,CARGA TRASERA,5000,1,2021-08-19T04:24:55.177,Contenedor de INDUSTRIA de tipo CARGA TRASERA,POINT (-4.493819759609642 36.74509702091237),-4.493819759609642,36.74509702091237
da_industria.fid-7e811540_18cccdec071_61fc,INDUSTRIA,CARGA TRASERA,5000,1,2021-08-19T04:24:58.017,Contenedor de INDUSTRIA de tipo CARGA TRASERA,POINT (-4.495995306388179 36.74180267818463),-4.495995306388179,36.74180267818463
da_industria.fid-7e811540_18cccdec071_61fd,INDUSTRIA,CARGA TRASERA,5000,1,2021-08-19T04:25:01.183,Contenedor de INDUSTRIA de tipo CARGA TRASERA,POINT (-4.496220904147424 36.73803264378042),-4.496220904147424,36.73803264378042
da_industria.fid-7e811540_18cccdec071_61fe,INDUSTRIA,CARGA TRASERA,5000,1,2021-08-19T04:39:48.433,Contenedor de INDUSTRIA de tipo CARGA TRASERA,POINT (-4.503701969509479 36.71983404436587),-4.503701969509479,36.71983404436587
da_industria.fid-7e811540_18cccdec071_61ff,INDUSTRIA,CARGA TRASERA,5000,1,2021-08-19T04:39:48.433,Contenedor de INDUSTRIA de tipo CARGA TRASERA,POINT (-4.503701969509479 36.71983404436587),-4.503701969509479,36.71983404436587
da_industria.fid-7e811540_18cccdec071_6200,INDUSTRIA,CARGA TRASERA,5000,1,2021-08-19T04:39:51.383,Contenedor de INDUSTRIA de tipo CARGA TRASERA,POINT (-4.503974217794458 36.72048789614799),-4.503974217794458,36.72048789614799
da_industria.fid-7e811540_18cccdec071_6201,INDUSTRIA,CARGA TRASERA,5000,1,2021-08-19T04:39:51.383,Contenedor de INDUSTRIA de tipo CARGA TRASERA,POINT (-4.503974217794458 36.72048789614799),-4.503974217794458,36.72048789614799
da_industria.fid-7e811540_18cccdec071_6202,INDUSTRIA,CARGA TRASERA,5000,1,2021-08-19T04:39:54.317,Contenedor de INDUSTRIA de tipo CARGA TRASERA,POINT (-4.50516945437279 36.719746692433944),-4.50516945437279,36.719746692433944
da_industria.fid-7e811540_18cccdec071_6203,INDUSTRIA,CARGA TRASERA,5000,1,2021-08-19T04:39:54.317,Contenedor de INDUSTRIA de tipo CARGA TRASERA,POINT (-4.50516945437279 36.719746692433944),-4.50516945437279,36.719746692433944
da_industria.fid-7e811540_18cccdec071_6204,INDUSTRIA,CARGA TRASERA,5000,1,2021-08-19T04:39:57.23,Contenedor de INDUSTRIA de tipo CARGA TRASERA,POINT (-4.502982838371612 36.72231478999199),-4.502982838371612,36.72231478999199
da_industria.fid-7e811540_18cccdec071_6205,INDUSTRIA,CARGA TRASERA,5000,1,2021-08-19T04:39:57.23,Contenedor de INDUSTRIA de tipo CARGA TRASERA,POINT (-4.502982838371612 36.72231478999199),-4.502982838371612,36.72231478999199
da_industria.fid-7e811540_18cccdec071_6206,INDUSTRIA,CARGA TRASERA,5000,1,2021-08-19T04:40:03.533,Contenedor de INDUSTRIA de tipo CARGA TRASERA,POINT (-4.4835340407509365 36.69041388726046),-4.4835340407509365,36.69041388726046
da_industria.fid-7e811540_18cccdec071_6207,INDUSTRIA,CARGA TRASERA,5000,1,2021-08-19T04:40:06.633,Contenedor de INDUSTRIA de tipo CARGA TRASERA,POINT (-4.4835115779214 36.690449644159095),-4.4835115779214,36.690449644159095
da_industria.fid-7e811540_18cccdec071_6208,INDUSTRIA,CARGA TRASERA,5000,1,2021-08-19T04:40:09.54,Contenedor de INDUSTRIA de tipo CARGA TRASERA,POINT (-4.483502190578233 36.6904749158963),-4.483502190578233,36.6904749158963
da_industria.fid-7e811540_18cccdec071_6209,INDUSTRIA,CARGA TRASERA,5000,1,2021-08-19T04:40:12.507,Contenedor de INDUSTRIA de tipo CARGA TRASERA,POINT (-4.483478051300218 36.69050206966126),-4.483478051300218,36.69050206966126
da_industria.fid-7e811540_18cccdec071_620a,INDUSTRIA,CARGA TRASERA,5000,1,2021-08-19T04:40:15.3,Contenedor de INDUSTRIA de tipo CARGA TRASERA,POINT (-4.48345022399982 36.690525997274605),-4.48345022399982,36.690525997274605
da_industria.fid-7e811540_18cccdec071_620b,INDUSTRIA,CARGA TRASERA,5000,1,2021-08-19T04:40:18.227,Contenedor de INDUSTRIA de tipo CARGA TRASERA,POINT (-4.48344519523911 36.690556108206295),-4.48344519523911,36.690556108206295
da_industria.fid-7e811540_18cccdec071_620c,INDUSTRIA,CARGA TRASERA,5000,1,2021-08-19T04:40:21.013,Contenedor de INDUSTRIA de tipo CARGA TRASERA,POINT (-4.4834079804745 36.690593747072555),-4.4834079804745,36.690593747072555
da_industria.fid-7e811540_18cccdec071_620d,INDUSTRIA,CARGA TRASERA,5000,1,2021-08-19T04:40:24.06,Contenedor de INDUSTRIA de tipo CARGA TRASERA,POINT (-4.4833895407757405 36.69061713689707),-4.4833895407757405,36.69061713689707
da_industria.fid-7e811540_18cccdec071_620e,INDUSTRIA,CARGA TRASERA,5000,1,2021-08-19T04:40:26.84,Contenedor de INDUSTRIA de tipo CARGA TRASERA,POINT (-4.483362719436293 36.690655044506954),-4.483362719436293,36.690655044506954
da_industria.fid-7e811540_18cccdec071_620f,INDUSTRIA,CARGA TRASERA,5000,1,2021-08-19T04:40:29.713,Contenedor de INDUSTRIA de tipo CARGA TRASERA,POINT (-4.48334293885292 36.69069779128991),-4.48334293885292,36.69069779128991
da_industria.fid-7e811540_18cccdec071_6210,INDUSTRIA,CARGA TRASERA,5000,1,2022-01-12T10:26:32.087,Contenedor de INDUSTRIA de tipo CARGA TRASERA,POINT (-4.483297342374169 36.690742957850446),-4.483297342374169,36.690742957850446
da_industria.fid-7e811540_18cccdec071_6211,INDUSTRIA,CARGA TRASERA,5000,1,2022-01-12T10:26:58.57,Contenedor de INDUSTRIA de tipo CARGA TRASERA,POINT (-4.48326616242659 36.690773606574474),-4.48326616242659,36.690773606574474
da_industria.fid-7e811540_18cccdec071_6212,INDUSTRIA,CARGA TRASERA,5000,1,2022-01-12T10:27:20.787,Contenedor de INDUSTRIA de tipo CARGA TRASERA,POINT (-4.483244370226829 36.69081769753725),-4.483244370226829,36.69081769753725
da_industria.fid-7e811540_18cccdec071_6213,INDUSTRIA,CARGA TRASERA,5000,1,2022-01-12T10:27:38.29,Contenedor de INDUSTRIA de tipo CARGA TRASERA,POINT (-4.483218218644224 36.690780328074176),-4.483218218644224,36.690780328074176
da_industria.fid-7e811540_18cccdec071_6214,INDUSTRIA,CARGA TRASERA,5000,1,2022-01-12T10:28:01.217,Contenedor de INDUSTRIA de tipo CARGA TRASERA,POINT (-4.4831696040630025 36.69076258454926),-4.4831696040630025,36.69076258454926
da_industria.fid-7e811540_18cccdec071_6215,INDUSTRIA,CARGA TRASERA,5000,1,2022-01-12T10:28:17.71,Contenedor de INDUSTRIA de tipo CARGA TRASERA,POINT (-4.483142111536918 36.69073892624649),-4.483142111536918,36.69073892624649
da_industria.fid-7e811540_18cccdec071_6216,INDUSTRIA,CARGA TRASERA,5000,1,2022-01-12T10:28:33.843,Contenedor de INDUSTRIA de tipo CARGA TRASERA,POINT (-4.48311294287132 36.690736237986215),-4.48311294287132,36.690736237986215
da_industria.fid-7e811540_18cccdec071_6217,INDUSTRIA,CARGA TRASERA,5000,1,2022-01-12T10:24:44.253,Contenedor de INDUSTRIA de tipo CARGA TRASERA,POINT (-4.483087126788017 36.690720645063706),-4.483087126788017,36.690720645063706
da_industria.fid-7e811540_18cccdec071_6218,INDUSTRIA,CARGA TRASERA,5000,1,2022-01-12T10:24:20.31,Contenedor de INDUSTRIA de tipo CARGA TRASERA,POINT (-4.483052593640638 36.690705052199526),-4.483052593640638,36.690705052199526
da_industria.fid-7e811540_18cccdec071_6219,INDUSTRIA,CARGA TRASERA,5000,1,2022-01-12T10:23:55.993,Contenedor de INDUSTRIA de tipo CARGA TRASERA,POINT (-4.483025436467764 36.690689190433375),-4.483025436467764,36.690689190433375
da_industria.fid-7e811540_18cccdec071_621a,INDUSTRIA,CARGA TRASERA,5000,1,2022-04-01T07:49:39.827,Contenedor de INDUSTRIA de tipo CARGA TRASERA,POINT (-4.460107688365257 36.66373435980115),-4.460107688365257,36.66373435980115
da_industria.fid-7e811540_18cccdec071_621b,INDUSTRIA,CARGA TRASERA,5000,1,2021-08-19T06:18:26.733,Contenedor de INDUSTRIA de tipo CARGA TRASERA,POINT (-4.4992899317734 36.702448611966105),-4.4992899317734,36.702448611966105
da_industria.fid-7e811540_18cccdec071_621c,INDUSTRIA,CARGA TRASERA,5000,1,2021-08-19T06:18:29.597,Contenedor de INDUSTRIA de tipo CARGA TRASERA,POINT (-4.499289597144324 36.70250667397956),-4.499289597144324,36.70250667397956
da_industria.fid-7e811540_18cccdec071_621d,INDUSTRIA,CARGA TRASERA,5000,1,2021-08-19T06:18:32.537,Contenedor de INDUSTRIA de tipo CARGA TRASERA,POINT (-4.499267469785678 36.70255935999324),-4.499267469785678,36.70255935999324
da_industria.fid-7e811540_18cccdec071_621e,INDUSTRIA,CARGA TRASERA,5000,1,2021-08-19T06:20:11.517,Contenedor de INDUSTRIA de tipo CARGA TRASERA,POINT (-4.483961379825343 36.70978273004049),-4.483961379825343,36.70978273004049
da_industria.fid-7e811540_18cccdec071_621f,INDUSTRIA,CARGA TRASERA,5000,1,2021-08-19T06:20:14.267,Contenedor de INDUSTRIA de tipo CARGA TRASERA,POINT (-4.483905389388472 36.70978058018107),-4.483905389388472,36.70978058018107
da_industria.fid-7e811540_18cccdec071_6220,INDUSTRIA,CARGA TRASERA,5000,1,2021-08-19T06:20:17.207,Contenedor de INDUSTRIA de tipo CARGA TRASERA,POINT (-4.481315452057035 36.71348107175878),-4.481315452057035,36.71348107175878
da_industria.fid-7e811540_18cccdec071_6221,INDUSTRIA,CARGA TRASERA,5000,1,2021-08-19T06:20:20.623,Contenedor de INDUSTRIA de tipo CARGA TRASERA,POINT (-4.481358366986221 36.7134920909178),-4.481358366986221,36.7134920909178
da_industria.fid-7e811540_18cccdec071_6222,INDUSTRIA,CARGA TRASERA,5000,1,2021-08-19T06:20:23.473,Contenedor de INDUSTRIA de tipo CARGA TRASERA,POINT (-4.4813744598770775 36.71347623355327),-4.4813744598770775,36.71347623355327
da_industria.fid-7e811540_18cccdec071_6223,INDUSTRIA,CARGA TRASERA,5000,1,2021-08-19T06:20:26.43,Contenedor de INDUSTRIA de tipo CARGA TRASERA,POINT (-4.481354007989777 36.71344774437598),-4.481354007989777,36.71344774437598
da_industria.fid-7e811540_18cccdec071_6224,INDUSTRIA,CARGA TRASERA,5000,1,2021-08-19T06:20:52.923,Contenedor de INDUSTRIA de tipo CARGA TRASERA,POINT (-4.470911190667464 36.703362472520894),-4.470911190667464,36.703362472520894
da_industria.fid-7e811540_18cccdec071_6225,INDUSTRIA,CARGA TRASERA,5000,1,2022-04-01T07:21:49.553,Contenedor de INDUSTRIA de tipo CARGA TRASERA,POINT (-4.470941364845217 36.70333344164726),-4.470941364845217,36.70333344164726
da_industria.fid-7e811540_18cccdec071_6226,INDUSTRIA,CARGA TRASERA,5000,1,2021-08-19T06:20:59.007,Contenedor de INDUSTRIA de tipo CARGA TRASERA,POINT (-4.515325730887301 36.709465624337405),-4.515325730887301,36.709465624337405
da_industria.fid-7e811540_18cccdec071_6227,INDUSTRIA,CARGA TRASERA,5000,1,2021-08-19T06:21:02.25,Contenedor de INDUSTRIA de tipo CARGA TRASERA,POINT (-4.515325396023964 36.70950056589099),-4.515325396023964,36.70950056589099
da_industria.fid-7e811540_18cccdec071_6228,INDUSTRIA,CARGA TRASERA,5000,1,2021-08-19T06:21:05.13,Contenedor de INDUSTRIA de tipo CARGA TRASERA,POINT (-4.515328413892547 36.709536582529886),-4.515328413892547,36.709536582529886
da_industria.fid-7e811540_18cccdec071_6229,INDUSTRIA,CARGA TRASERA,5000,1,2021-08-19T06:40:36.597,Contenedor de INDUSTRIA de tipo CARGA TRASERA,POINT (-4.499198068635294 36.702570381489295),-4.499198068635294,36.702570381489295
da_industria.fid-7e811540_18cccdec071_622a,INDUSTRIA,CARGA TRASERA,5000,1,2021-08-19T06:40:39.503,Contenedor de INDUSTRIA de tipo CARGA TRASERA,POINT (-4.499132690666684 36.70257414521406),-4.499132690666684,36.70257414521406
da_industria.fid-7e811540_18cccdec071_622b,INDUSTRIA,CARGA TRASERA,5000,1,2021-08-19T06:43:10.823,Contenedor de INDUSTRIA de tipo CARGA TRASERA,POINT (-4.478369315923357 36.70362880393629),-4.478369315923357,36.70362880393629
da_industria.fid-7e811540_18cccdec071_622c,INDUSTRIA,CARGA TRASERA,5000,1,2021-08-19T06:43:13.92,Contenedor de INDUSTRIA de tipo CARGA TRASERA,POINT (-4.47840049585891 36.70359493472439),-4.47840049585891,36.70359493472439
da_industria.fid-7e811540_18cccdec071_622d,INDUSTRIA,CARGA TRASERA,5000,1,2021-08-19T06:43:17.14,Contenedor de INDUSTRIA de tipo CARGA TRASERA,POINT (-4.478421952874541 36.70355757114172),-4.478421952874541,36.70355757114172
da_industria.fid-7e811540_18cccdec071_622e,INDUSTRIA,CARGA TRASERA,5000,1,2022-01-12T10:23:37.25,Contenedor de INDUSTRIA de tipo CARGA TRASERA,POINT (-4.482975480603719 36.690652627616615),-4.482975480603719,36.690652627616615
da_industria.fid-7e811540_18cccdec071_622f,INDUSTRIA,CARGA TRASERA,5000,1,2021-08-19T06:43:59.377,Contenedor de INDUSTRIA de tipo CARGA TRASERA,POINT (-4.48299157317377 36.69060746121131),-4.48299157317377,36.69060746121131
da_industria.fid-7e811540_18cccdec071_6230,INDUSTRIA,CARGA TRASERA,5000,1,2021-08-19T06:44:02.593,Contenedor de INDUSTRIA de tipo CARGA TRASERA,POINT (-4.483031469913396 36.690550734180526),-4.483031469913396,36.690550734180526
da_industria.fid-7e811540_18cccdec071_6231,INDUSTRIA,CARGA TRASERA,5000,1,2021-08-19T06:44:05.52,Contenedor de INDUSTRIA de tipo CARGA TRASERA,POINT (-4.4830556089562235 36.69050099725245),-4.4830556089562235,36.69050099725245
da_industria.fid-7e811540_18cccdec071_6232,INDUSTRIA,CARGA TRASERA,5000,1,2021-08-19T06:44:08.503,Contenedor de INDUSTRIA de tipo CARGA TRASERA,POINT (-4.483088465166789 36.690461207591206),-4.483088465166789,36.690461207591206
da_industria.fid-7e811540_18cccdec071_6233,INDUSTRIA,CARGA TRASERA,5000,1,2021-08-19T06:44:11.52,Contenedor de INDUSTRIA de tipo CARGA TRASERA,POINT (-4.483102546314068 36.69043593581653),-4.483102546314068,36.69043593581653
da_industria.fid-7e811540_18cccdec071_6234,INDUSTRIA,CARGA TRASERA,5000,1,2021-08-19T06:44:14.717,Contenedor de INDUSTRIA de tipo CARGA TRASERA,POINT (-4.483125344463535 36.690404749321445),-4.483125344463535,36.690404749321445
da_industria.fid-7e811540_18cccdec071_6235,INDUSTRIA,CARGA TRASERA,5000,1,2021-08-19T06:44:17.757,Contenedor de INDUSTRIA de tipo CARGA TRASERA,POINT (-4.483146466349961 36.690382703652624),-4.483146466349961,36.690382703652624
da_industria.fid-7e811540_18cccdec071_6236,INDUSTRIA,CARGA TRASERA,5000,1,2021-08-19T06:45:04.163,Contenedor de INDUSTRIA de tipo CARGA TRASERA,POINT (-4.481308746246062 36.71344532577689),-4.481308746246062,36.71344532577689
da_industria.fid-7e811540_18cccdec071_6237,INDUSTRIA,CARGA TRASERA,5000,1,2021-08-19T06:58:17.917,Contenedor de INDUSTRIA de tipo CARGA TRASERA,POINT (-4.483177981453805 36.69034103200368),-4.483177981453805,36.69034103200368
da_industria.fid-7e811540_18cccdec071_6238,INDUSTRIA,CARGA TRASERA,5000,1,2021-08-19T06:58:20.743,Contenedor de INDUSTRIA de tipo CARGA TRASERA,POINT (-4.48320145000053 36.69029586536312),-4.48320145000053,36.69029586536312
da_industria.fid-7e811540_18cccdec071_6239,INDUSTRIA,CARGA TRASERA,5000,1,2021-08-19T06:59:16.11,Contenedor de INDUSTRIA de tipo CARGA TRASERA,POINT (-4.511396605452709 36.703085595435226),-4.511396605452709,36.703085595435226
da_industria.fid-7e811540_18cccdec071_623a,INDUSTRIA,CARGA TRASERA,5000,1,2021-08-19T06:59:18.993,Contenedor de INDUSTRIA de tipo CARGA TRASERA,POINT (-4.511397945659303 36.70300925518716),-4.511397945659303,36.70300925518716
da_industria.fid-7e811540_18cccdec071_623b,INDUSTRIA,CARGA TRASERA,5000,1,2021-08-19T06:59:21.917,Contenedor de INDUSTRIA de tipo CARGA TRASERA,POINT (-4.5113308899928315 36.70289689558251),-4.5113308899928315,36.70289689558251
da_industria.fid-7e811540_18cccdec071_623c,INDUSTRIA,CARGA TRASERA,5000,1,2022-04-28T08:33:38.823,Contenedor de INDUSTRIA de tipo CARGA TRASERA,POINT (-4.473167558798803 36.67285124526028),-4.473167558798803,36.67285124526028
da_industria.fid-7e811540_18cccdec071_623d,INDUSTRIA,CARGA TRASERA,5000,1,2022-04-28T08:34:11.117,Contenedor de INDUSTRIA de tipo CARGA TRASERA,POINT (-4.473036134742193 36.67283403675139),-4.473036134742193,36.67283403675139
da_industria.fid-7e811540_18cccdec071_623e,INDUSTRIA,CARGA TRASERA,5000,1,2022-04-28T08:34:44.833,Contenedor de INDUSTRIA de tipo CARGA TRASERA,POINT (-4.4732319275057995 36.672702810547705),-4.4732319275057995,36.672702810547705
da_industria.fid-7e811540_18cccdec071_623f,INDUSTRIA,CARGA TRASERA,5000,1,2022-04-28T08:35:17.2,Contenedor de INDUSTRIA de tipo CARGA TRASERA,POINT (-4.473105867872178 36.67269850928362),-4.473105867872178,36.67269850928362
da_industria.fid-7e811540_18cccdec071_6240,INDUSTRIA,CARGA TRASERA,5000,1,2022-04-28T08:35:59.123,Contenedor de INDUSTRIA de tipo CARGA TRASERA,POINT (-4.473006629207119 36.67267914921813),-4.473006629207119,36.67267914921813
da_industria.fid-7e811540_18cccdec071_6241,INDUSTRIA,CARGA TRASERA,5000,1,2022-04-28T08:36:31.12,Contenedor de INDUSTRIA de tipo CARGA TRASERA,POINT (-4.472899344496276 36.67268130144251),-4.472899344496276,36.67268130144251
